,SPY,GLD,BTC-USD,TLT,GSG
SPY,1.0,0.048786149243628375,0.23842416927467197,-0.1785665935407599,0.3490760332739427
GLD,0.048786149243628375,1.0,0.09179509593333235,0.27603670404977426,0.18729316563995704
BTC-USD,0.23842416927467197,0.09179509593333235,1.0,-0.01636509762774044,0.0793550981160711
TLT,-0.1785665935407599,0.27603670404977426,-0.01636509762774044,1.0,-0.17839504652991495
GSG,0.3490760332739427,0.18729316563995704,0.0793550981160711,-0.17839504652991495,1.0
